word,Class_degree_centralitylow,Class_degree_centralitymedium,Class_degree_centralityhigh,Class_betweenness_centralitylow,Class_betweenness_centralitymedium,Class_betweenness_centralityhigh,Class_closeness_centralitylow,Class_closeness_centralitymedium,Class_closeness_centralityhigh,Class_clustering_coefficientlow,Class_clustering_coefficientmedium,Class_clustering_coefficienthigh,Class_eigenvector_centralitylow,Class_eigenvector_centralitymedium,Class_eigenvector_centralityhigh
notation,1,0,1,1,0,1,1,0,1,0,0,1,1,0,1
complexity,1,0,1,1,0,1,1,0,1,0,0,1,1,0,1
computational,1,0,1,1,0,1,1,0,1,0,0,1,1,0,1
complex,1,0,1,1,0,1,1,0,1,0,0,1,1,0,1
zeta,1,0,1,1,0,1,1,0,1,0,0,1,1,0,1
imaginary,1,0,1,1,0,1,1,0,1,0,0,1,1,0,1
z,1,0,1,1,0,1,1,0,1,0,0,1,1,0,1
real,1,0,1,1,0,1,1,0,1,0,0,1,1,0,1
asymptotic,1,0,1,1,0,1,1,0,1,0,0,1,1,0,1
number,1,0,1,1,0,1,1,0,1,0,0,1,1,0,1
domain,1,0,1,1,0,1,1,0,1,0,1,0,1,0,1
time,1,0,1,1,0,1,1,0,1,0,0,1,1,0,1
generalize,1,0,1,1,0,1,1,0,1,0,0,1,1,0,1
big,1,0,1,1,0,1,1,0,1,0,0,1,1,0,1
asymptotes,1,0,1,1,0,1,1,0,1,0,0,1,1,0,1
plane,1,0,1,1,0,1,1,0,1,0,0,1,1,0,1
would,1,0,1,1,0,1,1,0,1,0,0,1,1,0,1
account,1,0,1,1,0,1,1,0,1,0,0,1,1,0,1
take,1,0,1,1,0,1,1,0,1,0,0,1,1,0,1
part,1,0,1,1,0,1,1,0,1,0,0,1,1,0,1
tn,1,0,1,1,0,1,1,0,1,0,0,1,1,0,1
p,1,0,1,1,0,1,1,0,1,0,0,1,1,0,1
lnn,1,0,1,0,1,0,0,1,0,1,0,1,1,0,1
use,1,0,1,1,0,1,1,0,1,0,0,1,1,0,1
case,1,0,1,1,0,1,1,0,1,0,0,1,1,0,1
relate,1,0,1,0,1,0,1,0,1,0,1,0,1,0,1
represent,1,0,1,1,0,1,1,0,1,0,0,1,1,0,1
znotation,1,0,1,1,0,1,1,0,1,0,0,1,1,0,1
transformation,1,0,1,1,0,1,1,0,1,0,0,1,1,0,1
research,1,0,1,1,0,1,1,0,1,0,0,1,1,0,1
n,1,0,1,1,0,1,1,0,1,0,0,1,1,0,1
figure,1,0,1,1,0,1,1,0,1,0,0,1,1,0,1
ln,1,0,1,1,0,1,1,0,1,0,1,0,1,0,1
com,1,0,1,1,0,1,1,0,1,0,0,1,1,0,1
fig,1,0,1,1,0,1,1,0,1,0,0,1,1,0,1
representation,1,0,1,1,0,1,1,0,1,0,0,1,1,0,1
argand,1,0,1,1,0,1,1,0,1,0,0,1,1,0,1
well,1,0,1,1,0,1,1,0,1,0,0,1,1,0,1
propose,1,0,1,1,0,1,1,0,1,0,0,1,1,0,1
asymptote,1,0,1,1,0,1,1,0,1,0,0,1,1,0,1
section,1,0,1,1,0,1,1,0,1,0,0,1,1,0,1
consider,1,0,1,0,1,0,1,0,1,0,0,1,1,0,1
average,1,0,1,0,1,0,0,1,0,1,0,1,1,0,1
search,1,0,1,1,0,1,1,0,1,0,0,1,1,0,1
consideration,1,0,1,0,1,0,1,0,1,1,0,1,1,0,1
bigoh,0,1,0,0,0,1,0,1,0,1,0,1,1,0,1
instance,1,0,1,1,0,1,1,0,1,0,0,1,1,0,1
accord,1,0,1,1,0,1,1,0,1,0,0,1,1,0,1
putational,1,0,1,0,1,0,0,1,0,0,1,0,1,0,1
could,1,0,1,1,0,1,1,0,1,0,0,1,1,0,1
demonstrate,1,0,1,1,0,1,1,0,1,0,0,1,1,0,1
combine,0,1,0,0,0,1,0,1,0,1,0,1,1,0,1
make,1,0,1,1,0,1,1,0,1,0,0,1,1,0,1
graphical,1,0,1,0,1,0,1,0,1,0,1,0,1,0,1
handle,1,0,1,1,0,1,1,0,1,0,0,1,1,0,1
unable,1,0,1,0,1,0,1,0,1,0,0,1,1,0,1
mathematical,1,0,1,1,0,1,1,0,1,0,0,1,1,0,1
burhmans,0,1,0,0,0,1,0,1,0,1,0,1,1,0,1
ex,1,0,1,0,0,1,0,0,1,1,0,1,1,0,1
suppose,1,0,1,0,1,0,1,0,1,1,0,1,1,0,1
analysis,1,0,1,1,0,1,1,0,1,0,0,1,1,0,1
difficulty,1,0,1,1,0,1,0,1,0,0,0,1,1,0,1
portion,1,0,1,0,1,0,0,1,0,1,0,1,1,0,1
function,1,0,1,1,0,1,1,0,1,0,0,1,1,0,1
qualify,1,0,1,1,0,1,1,0,1,0,1,0,1,0,1
touch,1,0,1,0,1,0,1,0,1,0,0,1,1,0,1
algorithm,1,0,1,1,0,1,1,0,1,0,0,1,1,0,1
quantum,1,0,1,0,1,0,0,1,0,0,1,0,1,0,1
al,1,0,1,1,0,1,1,0,1,0,0,1,1,0,1
component,1,0,1,1,0,1,1,0,1,0,0,1,1,0,1
worstcase,1,0,1,1,0,1,1,0,1,0,0,1,1,0,1
exist,0,1,0,0,0,1,0,0,1,1,0,1,1,0,1
like,0,0,1,0,1,0,0,1,0,1,0,1,1,0,1
type,1,0,1,1,0,1,1,0,1,0,0,1,1,0,1
eqn,1,0,1,1,0,1,1,0,1,0,0,1,1,0,1
rather,1,0,1,1,0,1,1,0,1,0,0,1,1,0,1
bigomega,0,1,0,0,0,1,0,1,0,1,0,1,1,0,1
axis,1,0,1,0,0,1,0,1,0,1,0,1,1,0,1
general,1,0,1,1,0,1,1,0,1,0,0,1,1,0,1
value,1,0,1,1,0,1,1,0,1,0,0,1,1,0,1
bigtheta,0,1,0,0,0,1,0,0,1,1,0,1,1,0,1
dx,0,1,0,0,0,1,0,1,0,1,0,1,1,0,1
capable,1,0,1,0,1,0,1,0,1,0,0,1,1,0,1
methodology,1,0,1,1,0,1,1,0,1,0,0,1,1,0,1
ordinate,0,0,1,0,0,1,1,0,1,1,0,1,1,0,1
asymptomatic,0,1,0,0,1,0,0,1,0,0,1,0,1,0,1
complexitythe,0,0,1,0,0,1,1,0,1,1,0,1,1,0,1
compute,1,0,1,1,0,1,1,0,1,0,0,1,1,0,1
example,1,0,1,0,1,0,0,1,0,0,1,0,1,0,1
define,1,0,1,1,0,1,1,0,1,0,0,1,1,0,1
explainable,0,0,1,0,1,0,1,0,1,1,0,1,1,0,1
et,1,0,1,1,0,1,1,0,1,0,0,1,1,0,1
cardinality,1,0,1,1,0,1,1,0,1,0,0,1,1,0,1
dont,1,0,1,0,1,0,1,0,1,0,0,1,1,0,1
conclusion,0,0,1,0,0,1,1,0,1,1,0,1,1,0,1
one,1,0,1,1,0,1,1,0,1,0,0,1,1,0,1
entity,1,0,1,1,0,1,1,0,1,0,0,1,1,0,1
stand,0,0,1,0,1,0,1,0,1,1,0,1,1,0,1
order,1,0,1,1,0,1,1,0,1,0,0,1,1,0,1
mathe,1,0,1,1,0,1,0,1,0,0,0,1,1,0,1
find,1,0,1,1,0,1,1,0,1,0,0,1,1,0,1
implication,1,0,1,1,0,1,1,0,1,0,0,1,1,0,1
practical,1,0,1,1,0,1,1,0,1,0,0,1,1,0,1
abifigure,0,0,1,0,1,0,1,0,1,1,0,1,1,0,1
tion,1,0,1,1,0,1,1,0,1,0,0,1,1,0,1
theory,1,0,1,1,0,1,1,0,1,0,0,1,1,0,1
say,1,0,1,1,0,1,1,0,1,0,0,1,1,0,1
worst,0,0,1,0,0,1,0,0,1,1,0,1,1,0,1
address,1,0,1,0,1,0,0,1,0,0,0,1,1,0,1
imag,0,0,1,0,1,0,1,0,1,1,0,1,1,0,1
asymptotically,1,0,1,1,0,1,1,0,1,0,0,1,1,0,1
specifically,1,0,1,1,0,1,1,0,1,0,0,1,1,0,1
alliance,0,1,0,0,0,1,0,1,0,1,0,1,1,0,1
calculate,1,0,1,0,1,0,1,0,1,0,0,1,1,0,1
act,0,0,1,0,1,0,1,0,1,1,0,1,1,0,1
vision,0,0,1,0,1,0,1,0,1,1,0,1,1,0,1
form,0,0,1,0,0,1,1,0,1,1,0,1,1,0,1
project,0,0,1,0,0,1,1,0,1,1,0,1,1,0,1
distinction,1,0,1,1,0,1,1,0,1,0,0,1,1,0,1
func,1,0,1,0,1,0,1,0,1,0,1,0,1,0,1
refn,1,0,1,1,0,1,1,0,1,0,0,1,1,0,1
summarize,0,0,1,0,0,1,1,0,1,1,0,1,1,0,1
modernday,0,0,1,0,1,0,1,0,1,1,0,1,1,0,1
minimum,0,0,1,0,1,0,1,0,1,1,0,1,1,0,1
euler,1,0,1,1,0,1,1,0,1,0,0,1,1,0,1
input,1,0,1,1,0,1,1,0,1,0,0,1,1,0,1
categorize,1,0,1,1,0,1,1,0,1,0,0,1,1,0,1
grover,0,0,1,0,1,0,1,0,1,1,0,1,1,0,1
notationsthe,0,0,1,0,0,1,0,1,0,1,0,1,1,0,1
current,1,0,1,1,0,1,1,0,1,0,0,1,1,0,1
oh,1,0,1,0,1,0,1,0,1,1,0,1,1,0,1
additional,0,0,1,0,1,0,1,0,1,1,0,1,1,0,1
pictorial,1,0,1,0,1,0,1,0,1,0,0,1,1,0,1
theoretically,1,0,1,1,0,1,1,0,1,0,0,1,1,0,1
spit,0,0,1,0,0,1,1,0,1,1,0,1,1,0,1
draw,1,0,1,1,0,1,1,0,1,0,0,1,1,0,1
true,0,0,1,0,1,0,1,0,1,1,0,1,1,0,1
another,0,0,1,0,1,0,1,0,1,1,0,1,1,0,1
aim,0,0,1,0,1,0,1,0,1,1,0,1,1,0,1
many,1,0,1,1,0,1,1,0,1,0,0,1,1,0,1
ax,1,0,1,0,1,0,0,1,0,0,0,1,1,0,1
plexities,0,0,1,0,1,0,1,0,1,1,0,1,1,0,1
previously,0,0,1,0,1,0,1,0,1,1,0,1,1,0,1
contrast,0,0,1,0,1,0,1,0,1,1,0,1,1,0,1
care,0,0,1,0,0,1,1,0,1,1,0,1,1,0,1
implicate,1,0,1,1,0,1,1,0,1,0,0,1,1,0,1
theta,1,0,1,1,0,1,1,0,1,0,0,1,1,0,1
best,1,0,1,1,0,1,1,0,1,0,0,1,1,0,1
spatial,1,0,1,0,1,0,1,0,1,1,0,1,1,0,1
bito,0,0,1,0,1,0,1,0,1,1,0,1,1,0,1
angle,1,0,1,1,0,1,1,0,1,0,0,1,1,0,1
weak,0,0,1,0,1,0,1,0,1,1,0,1,1,0,1
logz,1,0,1,0,1,0,0,1,0,1,0,1,1,0,1
help,1,0,1,1,0,1,0,1,0,0,0,1,1,0,1
express,1,0,1,0,1,0,1,0,1,0,0,1,1,0,1
prevalent,0,0,1,0,1,0,1,0,1,1,0,1,1,0,1
none,0,0,1,0,1,0,1,0,1,1,0,1,1,0,1
existence,1,0,1,0,1,0,1,0,1,0,0,1,1,0,1
horizontal,1,0,1,0,1,0,1,0,1,0,1,0,1,0,1
subtends,0,0,1,0,0,1,0,1,0,1,0,1,1,0,1
xaxis,0,0,1,0,0,1,1,0,1,1,0,1,1,0,1
constitute,0,0,1,0,0,1,1,0,1,1,0,1,1,0,1
mathematics,1,0,1,1,0,1,1,0,1,0,0,1,1,0,1
new,0,0,1,0,1,0,1,0,1,1,0,1,1,0,1
devoid,0,0,1,0,1,0,1,0,1,1,0,1,1,0,1
create,0,0,1,0,0,1,0,1,0,1,0,1,1,0,1
term,1,0,1,1,0,1,1,0,1,0,0,1,1,0,1
zgn,1,0,1,0,1,0,1,0,1,0,1,0,1,0,1
novel,0,0,1,0,1,0,1,0,1,1,0,1,1,0,1
defy,0,0,1,0,0,1,0,1,0,1,0,1,1,0,1
science,1,0,1,1,0,1,1,0,1,0,0,1,1,0,1
dutta,1,0,1,1,0,1,1,0,1,0,0,1,1,0,1
resource,1,0,1,1,0,1,1,0,1,0,0,1,1,0,1
exponential,1,0,1,1,0,1,1,0,1,0,0,1,1,0,1
basic,1,0,1,1,0,1,1,0,1,0,0,1,1,0,1
onedegree,0,0,1,0,1,0,1,0,1,1,0,1,1,0,1
keywords,0,0,1,0,0,1,1,0,1,1,0,1,1,0,1
onotation,0,0,1,0,0,1,1,0,1,1,0,1,1,0,1
per,1,0,1,0,1,0,1,0,1,0,0,1,1,0,1
thnotation,0,0,1,0,1,0,1,0,1,1,0,1,1,0,1
also,1,0,1,1,0,1,1,0,1,0,0,1,1,0,1
need,1,0,1,1,0,1,1,0,1,0,0,1,1,0,1
few,0,0,1,0,1,0,1,0,1,1,0,1,1,0,1
often,0,0,1,0,1,0,0,1,0,1,0,1,1,0,1
know,1,0,1,1,0,1,1,0,1,0,0,1,1,0,1
formally,1,0,1,1,0,1,1,0,1,0,0,1,1,0,1
ii,1,0,1,1,0,1,0,1,0,1,0,1,1,0,1
two,1,0,1,1,0,1,1,0,1,0,1,0,1,0,1
infinity,0,0,1,0,1,0,0,1,0,1,0,1,1,0,1
trivial,0,0,1,0,1,0,1,0,1,0,1,0,1,0,1
r,1,0,1,1,0,1,1,0,1,0,0,1,1,0,1
possible,1,0,1,1,0,1,1,0,1,0,0,1,1,0,1
projection,1,0,1,1,0,1,1,0,1,0,0,1,1,0,1
preexist,0,0,1,0,1,0,1,0,1,1,0,1,1,0,1
smallomega,0,0,1,0,1,0,0,1,0,1,0,1,1,0,1
catch,0,0,1,0,1,0,1,0,1,0,1,0,1,0,1
interpret,0,0,1,0,1,0,1,0,1,1,0,1,1,0,1
geometrically,0,0,1,0,1,0,1,0,1,1,0,1,1,0,1
dataset,1,0,1,0,1,0,0,1,0,0,0,1,1,0,1
matical,0,0,1,0,1,0,1,0,1,1,0,1,1,0,1
planethe,0,0,1,0,0,1,0,1,0,1,0,1,1,0,1
smalloh,0,0,1,0,1,0,0,1,0,1,0,1,1,0,1
able,1,0,1,1,0,1,1,0,1,0,0,1,1,0,1
employed,0,0,1,0,1,0,1,0,1,0,1,0,1,0,1
coordinate,1,0,1,1,0,1,1,0,1,0,0,1,1,0,1
vuuut,0,1,0,0,0,1,0,1,0,1,0,1,1,0,1
tothe,0,0,1,0,1,0,1,0,1,1,0,1,1,0,1
stirlings,0,0,1,0,1,0,1,0,1,1,0,1,1,0,1
important,0,0,1,0,1,0,1,0,1,1,0,1,1,0,1
scope,0,0,1,0,0,1,0,1,0,1,0,1,1,0,1
abscissae,0,0,1,0,1,0,1,0,1,0,1,0,1,0,1
neighbourhood,0,0,1,0,1,0,0,1,0,0,1,0,1,0,1
magnitude,1,0,1,1,0,1,1,0,1,0,0,1,1,0,1
abstract,0,0,1,1,0,1,1,0,1,1,0,1,1,0,1
intermediate,0,1,0,1,0,1,0,1,0,0,1,0,1,0,1
phis,0,0,1,0,0,1,1,0,1,1,0,1,1,0,1
iota,0,0,1,0,1,0,1,0,1,1,0,1,1,0,1
system,1,0,1,1,0,1,1,0,1,0,0,1,1,0,1
averagecase,0,0,1,0,1,0,1,0,1,1,0,1,1,0,1
negative,0,0,1,0,1,0,0,1,0,0,1,0,1,0,1
modulus,1,0,1,1,0,1,0,1,0,0,0,1,1,0,1
special,0,0,1,0,1,0,0,1,0,0,1,0,1,0,1
give,0,0,1,0,1,0,0,1,0,0,1,0,1,0,1
rfn,0,0,1,0,1,0,1,0,1,1,0,1,1,0,1
respectively,0,0,1,0,1,0,0,1,0,1,0,1,1,0,1
therefore,0,0,1,0,0,1,1,0,1,1,0,1,1,0,1
multiplied,0,0,1,0,1,0,0,1,0,1,0,1,1,0,1
three,0,0,1,0,1,0,0,1,0,0,1,0,1,0,1
inary,0,0,1,0,0,1,0,1,0,0,1,0,1,0,1
method,1,0,1,1,0,1,1,0,1,0,0,1,1,0,1
employ,1,0,1,1,0,1,1,0,1,0,0,1,1,0,1
fx,1,0,1,1,0,1,1,0,1,0,0,1,1,0,1
nx,1,0,1,0,1,0,0,1,0,1,0,1,1,0,1
place,1,0,1,0,1,0,0,0,1,0,1,0,0,1,0
wolf,1,0,1,1,0,1,1,0,1,0,1,0,0,1,0
comparative,1,0,1,0,1,0,0,1,0,1,0,1,0,1,0
product,1,0,1,0,1,0,0,1,0,0,1,0,0,1,0
difficult,0,0,1,0,1,0,1,0,1,1,0,1,0,1,0
refrain,0,0,1,0,1,0,0,1,0,0,1,0,0,1,0
upon,1,0,1,0,1,0,0,1,0,0,0,1,0,1,0
assessment,0,0,1,0,1,0,0,1,0,1,0,1,0,1,0
bestcase,0,0,1,0,1,0,0,1,0,0,1,0,0,1,0
mogo,1,0,1,0,1,0,0,1,0,0,1,0,0,1,0
sort,1,0,1,1,0,1,0,1,0,0,0,1,0,1,0
within,0,0,1,0,1,0,1,0,1,0,1,0,0,1,0
refer,0,0,1,0,0,1,0,1,0,1,0,1,0,1,0
aandbare,0,0,1,0,0,1,0,1,0,1,0,1,0,1,0
effort,0,0,1,0,1,0,0,1,0,0,1,0,0,1,0
ted,0,0,1,0,1,0,0,1,0,1,0,1,0,1,0
since,0,0,1,0,1,0,0,1,0,1,0,1,0,1,0
tends,0,0,1,0,1,0,0,1,0,1,0,1,0,1,0
smooth,1,0,1,1,0,1,1,0,1,0,0,1,0,1,0
feature,1,0,1,1,0,1,0,1,0,0,0,1,0,1,0
introduction,0,0,1,0,1,0,0,1,0,0,1,0,0,1,0
omega,0,1,0,0,1,0,0,1,0,1,0,1,0,1,0
follow,0,0,1,0,1,0,0,1,0,1,0,1,0,1,0
computability,0,0,1,0,1,0,0,1,0,0,1,0,0,1,0
come,1,0,1,1,0,1,1,0,1,0,0,1,0,1,0
sinph,0,0,1,0,1,0,0,1,0,0,1,0,0,1,0
unless,0,0,1,1,0,1,0,1,0,0,1,0,0,1,0
stipulate,0,0,1,0,1,0,0,1,0,0,1,0,0,1,0
others,0,0,1,0,1,0,0,1,0,0,1,0,0,1,0
ramanujans,0,0,1,0,1,0,0,1,0,0,1,0,0,1,0
completely,1,0,1,1,0,1,1,0,1,0,0,1,0,1,0
logk,1,0,1,0,1,0,0,1,0,0,1,0,0,1,0
base,1,0,1,1,0,1,1,0,1,0,0,1,0,1,0
metric,0,0,1,0,1,0,0,1,0,0,1,0,0,1,0
add,0,0,1,0,1,0,0,1,0,1,0,1,0,1,0
situation,0,0,1,0,1,0,0,1,0,0,1,0,0,1,0
way,0,0,1,0,1,0,0,1,0,0,1,0,0,1,0
loglogzdz,0,1,0,0,0,1,0,1,0,1,0,1,0,1,0
remodified,0,0,1,0,0,1,0,1,0,1,0,1,0,1,0
ie,0,0,1,0,0,1,1,0,1,1,0,1,0,1,0
manage,0,0,1,0,0,1,1,0,1,1,0,1,0,1,0
kp,1,0,1,1,0,1,1,0,1,1,0,1,0,1,0
problem,1,0,1,1,0,1,1,0,1,0,0,1,0,1,0
transform,0,0,1,0,0,1,1,0,1,1,0,1,0,1,0
across,1,0,1,1,0,1,1,0,1,0,0,1,0,1,0
along,0,0,1,0,1,0,0,1,0,1,0,1,0,1,0
multiply,1,0,1,1,0,1,1,0,1,0,0,1,0,1,0
anurag,0,0,1,1,0,1,0,1,0,0,1,0,0,1,0
loglogzdzn,0,0,1,0,0,1,0,0,1,1,0,1,0,1,0
prominent,0,0,1,0,0,1,0,1,0,1,0,1,0,1,0
psx,1,0,1,1,0,1,0,1,0,0,0,1,0,1,0
thus,1,0,1,1,0,1,1,0,1,0,0,1,0,1,0
dxp,0,1,0,0,0,1,0,1,0,1,0,1,0,1,0
deal,0,0,1,0,0,1,0,1,0,1,0,1,0,1,0
b,1,0,1,1,0,1,0,1,0,0,0,1,0,1,0
discrete,0,1,0,0,1,0,0,1,0,1,0,1,0,1,0
low,1,0,1,1,0,1,1,0,1,0,0,1,0,1,0
integral,1,0,1,1,0,1,1,0,1,0,0,1,0,1,0
bring,0,0,1,0,0,1,0,1,0,0,1,0,0,1,0
logn,1,0,1,0,1,0,1,0,1,0,1,0,0,1,0
ri,0,0,1,0,1,0,0,1,0,1,0,1,0,1,0
iwhose,0,0,1,0,0,1,0,1,0,1,0,1,0,1,0
ip,1,0,1,1,0,1,0,1,0,0,1,0,0,1,0
curve,1,0,1,1,0,1,1,0,1,0,0,1,0,1,0
parameter,1,0,1,0,1,0,1,0,1,0,0,1,0,1,0
eitanimfn,0,0,1,0,0,1,0,1,0,1,0,1,0,1,0
bidimensional,0,0,1,0,1,0,0,1,0,0,1,0,0,1,0
get,0,0,1,0,0,1,0,1,0,0,1,0,0,1,0
coincide,0,0,1,0,0,1,0,1,0,0,1,0,0,1,0
state,0,0,1,0,0,1,0,1,0,0,1,0,0,1,0
easily,0,0,1,0,0,1,0,1,0,1,0,1,0,1,0
see,0,1,0,0,1,0,0,1,0,1,0,1,0,1,0
polar,1,0,1,1,0,1,1,0,1,0,0,1,0,1,0
correspondingly,0,0,1,0,0,1,0,1,0,1,0,1,0,1,0
analyze,1,0,1,0,1,0,1,0,1,0,0,1,0,1,0
fn,1,0,1,1,0,1,1,0,1,0,0,1,0,1,0
logzdz,0,1,0,0,1,0,0,1,0,1,0,1,0,1,0
yaxis,0,0,1,0,1,0,0,1,0,0,1,0,0,1,0
soretn,0,0,1,0,1,0,0,1,0,1,0,1,0,1,0
gauss,0,0,1,0,0,1,0,1,0,1,0,1,0,1,0
work,1,0,1,0,1,0,0,1,0,0,0,1,0,1,0
incentivised,1,0,1,0,1,0,0,1,0,0,1,0,0,1,0
issue,1,0,1,1,0,1,0,1,0,0,0,1,0,1,0
origin,1,0,1,1,0,1,1,0,1,0,0,1,0,1,0
paper,1,0,1,1,0,1,1,0,1,0,0,1,0,1,0
inexpensive,0,0,1,0,0,1,0,1,0,1,0,1,0,1,0
lnandimtn,0,0,1,0,1,0,0,1,0,1,0,1,0,1,0
character,0,0,1,0,0,1,0,1,0,0,1,0,0,1,0
optimum,0,0,1,0,0,1,0,1,0,1,0,1,0,1,0
omicron,0,0,1,0,0,1,0,0,1,1,0,1,0,1,0
size,1,0,1,1,0,1,0,1,0,0,0,1,0,1,0
acm,1,0,1,1,0,1,1,0,1,0,0,1,0,1,0
plicate,0,0,1,0,1,0,1,0,1,1,0,1,0,1,0
climb,0,0,1,0,0,1,0,1,0,1,0,1,0,1,0
go,0,0,1,0,0,1,0,1,0,0,1,0,0,1,0
include,1,0,1,0,1,0,1,0,1,0,0,1,0,1,0
commonly,1,0,1,0,1,0,1,0,1,0,0,1,0,1,0
florea,0,0,1,0,1,0,0,1,0,0,1,0,0,1,0
increase,0,0,1,0,1,0,0,1,0,0,1,0,0,1,0
logzdzpierf,0,0,1,0,1,0,0,1,0,1,0,1,0,1,0
focus,0,0,1,0,1,0,0,1,0,0,1,0,0,1,0
iximfn,0,1,0,0,1,0,1,0,1,1,0,1,0,1,0
tanp,0,0,1,0,1,0,0,1,0,1,0,1,0,1,0
available,0,1,0,0,1,0,0,0,1,1,0,1,0,1,0
bound,1,0,1,1,0,1,0,1,0,0,0,1,0,1,0
interface,1,0,1,1,0,1,0,1,0,0,0,1,0,1,0
describes,0,0,1,0,0,1,0,1,0,0,1,0,0,1,0
require,0,0,1,0,1,0,0,1,0,0,1,0,0,1,0
dedicate,0,0,1,0,1,0,0,1,0,0,1,0,0,1,0
necessary,1,0,1,0,1,0,1,0,1,0,0,1,0,1,0
let,1,0,1,0,1,0,0,1,0,0,0,1,0,1,0
subtend,0,1,0,0,0,1,0,1,0,1,0,1,0,1,0
sec,0,0,1,0,0,1,0,1,0,1,0,1,0,1,0
cosph,1,0,1,0,1,0,0,1,0,0,0,1,0,1,0
imfn,1,0,1,0,1,0,0,1,0,0,0,1,0,1,0
mitigate,0,0,1,0,1,0,0,1,0,0,1,0,0,1,0
execu,0,0,1,0,1,0,1,0,1,0,1,0,0,1,0
logzdzn,0,0,1,0,1,0,0,1,0,1,0,1,0,1,0
assist,0,0,1,0,1,0,0,1,0,0,1,0,0,1,0
coincides,0,0,1,0,0,1,0,1,0,0,1,0,0,1,0
nlogn,0,0,1,0,1,0,0,1,0,1,0,1,0,1,0
potential,1,0,1,1,0,1,0,1,0,0,0,1,0,1,0
solution,1,0,1,1,0,1,0,1,0,0,0,1,0,1,0
clature,0,0,1,0,0,1,0,1,0,0,1,0,0,1,0
world,0,0,1,0,0,1,0,1,0,0,1,0,0,1,0
intricacy,0,0,1,0,1,0,0,1,0,0,1,0,0,1,0
specific,1,0,1,0,1,0,1,0,1,0,0,1,0,1,0
inequality,0,0,1,0,1,0,0,1,0,1,0,1,0,1,0
tan,0,1,0,0,1,0,0,1,0,1,0,1,0,1,0
improvisation,0,0,1,0,1,0,1,0,1,0,1,0,0,1,0
solve,1,0,1,1,0,1,1,0,1,0,0,1,0,1,0
instantiate,0,0,1,0,0,1,0,1,0,1,0,1,0,1,0
ixsinphxgn,0,0,1,0,1,0,0,1,0,1,0,1,0,1,0
q,1,0,1,1,0,1,0,1,0,0,1,0,0,1,0
loglogkn,0,0,1,0,1,0,0,1,0,1,0,1,0,1,0
alternate,0,0,1,0,0,1,0,1,0,1,0,1,0,1,0
name,0,0,1,0,0,1,0,1,0,1,0,1,0,1,0
computer,1,0,1,1,0,1,1,0,1,0,0,1,0,1,0
schlep,0,0,1,0,1,0,0,1,0,0,1,0,0,1,0
ni,0,1,0,0,0,1,0,0,1,1,0,1,0,1,0
hard,0,0,1,0,1,0,0,1,0,0,1,0,0,1,0
rgnb,0,0,1,0,1,0,0,1,0,0,1,0,0,1,0
minimal,0,0,1,1,0,1,0,1,0,0,1,0,0,1,0
always,0,0,1,0,1,0,1,0,1,0,1,0,0,1,0
loglogk,1,0,1,0,1,0,0,1,0,0,1,0,0,1,0
algorithmists,0,0,1,0,0,1,0,1,0,0,1,0,0,1,0
vertical,0,0,1,0,0,1,0,1,0,0,1,0,0,1,0
application,1,0,1,1,0,1,1,0,1,0,0,1,0,1,0
nlognin,0,0,1,0,1,0,0,1,0,1,0,1,0,1,0
growth,1,0,1,1,0,1,1,0,1,0,0,1,0,1,0
hypothesis,1,0,1,1,0,1,0,1,0,0,0,1,0,1,0
de,1,0,1,1,0,1,0,1,0,0,0,1,0,1,0
lconstant,0,0,1,0,1,0,0,1,0,0,1,0,0,1,0
nfor,0,0,1,0,0,1,0,1,0,0,1,0,0,1,0
pose,1,0,1,0,1,0,1,0,1,0,0,1,0,1,0
computation,1,0,1,1,0,1,1,0,1,0,0,1,0,1,0
break,0,0,1,0,1,0,0,1,0,0,1,0,0,1,0
constraint,1,0,1,1,0,1,1,0,1,0,0,1,0,1,0
k,1,0,1,1,0,1,0,1,0,0,0,1,0,1,0
list,0,1,0,0,1,0,0,0,1,0,0,1,0,1,0
anuragduttaresearchgmailcom,0,0,1,1,0,1,0,1,0,0,1,0,0,1,0
knuth,0,0,1,0,1,0,0,1,0,0,1,0,0,1,0
tntn,0,0,1,0,0,1,0,1,0,0,1,0,0,1,0
ah,0,0,1,0,0,1,0,1,0,1,0,1,0,1,0
proceeding,1,0,1,1,0,1,0,1,0,0,0,1,0,1,0
distance,0,0,1,0,1,0,0,1,0,0,1,0,0,1,0
zfn,0,0,1,0,1,0,0,1,0,0,1,0,0,1,0
amount,0,0,1,0,1,0,0,1,0,0,1,0,0,1,0
great,0,0,1,0,1,0,0,1,0,0,1,0,0,1,0
necessitate,0,0,1,0,1,0,0,1,0,0,1,0,0,1,0
zero,0,0,1,0,0,1,0,1,0,0,1,0,0,1,0
effective,1,0,1,1,0,1,0,1,0,0,0,1,0,1,0
limit,1,0,1,1,0,1,1,0,1,0,0,1,0,1,0
complication,0,0,1,0,1,0,0,1,0,0,1,0,0,1,0
notebooks,0,0,1,0,1,0,0,1,0,0,1,0,0,1,0
try,0,0,1,0,1,0,0,1,0,0,1,0,0,1,0
nomen,0,0,1,0,1,0,0,1,0,0,1,0,0,1,0
delineate,0,0,1,0,1,0,0,1,0,1,0,1,0,1,0
instead,0,0,1,0,1,0,0,1,0,0,1,0,0,1,0
simple,0,0,1,0,1,0,0,1,0,0,1,0,0,1,0
day,0,0,1,0,1,0,1,0,1,1,0,1,0,1,0
projective,0,0,1,0,1,0,0,1,0,0,1,0,0,1,0
firstly,0,0,1,0,1,0,0,1,0,1,0,1,0,1,0
afn,0,0,1,0,1,0,0,1,0,0,1,0,0,1,0
approximation,1,0,1,1,0,1,0,1,0,0,0,1,0,1,0
pull,0,0,1,0,0,1,0,1,0,1,0,1,0,1,0
understood,0,0,1,0,0,1,0,1,0,0,1,0,0,1,0
describe,0,0,1,0,1,0,0,1,0,1,0,1,0,1,0
summation,0,0,1,0,0,1,0,1,0,0,1,0,0,1,0
magazine,0,0,1,0,1,0,0,1,0,0,1,0,0,1,0
ronto,0,0,1,0,1,0,0,1,0,0,1,0,0,1,0
temporal,0,0,1,0,1,0,0,1,0,0,1,0,0,1,0
dive,0,0,1,0,0,1,0,1,0,1,0,1,0,1,0
quite,0,0,1,0,1,0,0,1,0,0,1,0,0,1,0
loglognp,0,1,0,0,0,1,0,1,0,1,0,1,0,1,0
tractability,1,0,1,0,1,0,0,1,0,0,0,1,0,1,0
loglogkk,0,0,1,0,1,0,0,1,0,1,0,1,0,1,0
distinct,0,0,1,0,0,1,0,1,0,0,1,0,0,1,0
provide,0,0,1,0,0,1,0,1,0,1,0,1,0,1,0
jeszenszki,0,0,1,0,1,0,0,1,0,0,1,0,0,1,0
zgngn,0,0,1,0,1,0,0,1,0,0,1,0,0,1,0
eiphxgn,0,0,1,0,0,1,0,1,0,1,0,1,0,1,0
assume,1,0,1,1,0,1,0,1,0,0,0,1,0,1,0
next,0,0,1,0,1,0,0,1,0,1,0,1,0,1,0
finally,0,0,1,0,0,1,0,1,0,1,0,1,0,1,0
radial,1,0,1,0,1,0,0,1,0,0,0,1,0,1,0
ph,0,0,1,0,1,0,0,1,0,0,1,0,0,1,0
sequel,0,0,1,0,0,1,0,0,1,1,0,1,0,1,0
trigonometrical,0,0,1,1,0,1,0,0,1,0,1,0,0,1,0
argument,0,0,1,0,0,1,0,0,1,1,0,1,0,1,0
diophantine,0,0,1,0,1,0,0,1,0,0,1,0,0,1,0
hardness,1,0,1,1,0,1,0,1,0,0,0,1,0,1,0
even,0,0,1,0,0,1,0,1,0,1,0,1,0,1,0
laptop,1,0,1,1,0,1,1,0,1,0,0,1,0,1,0
e,1,0,1,0,1,0,0,1,0,0,1,0,0,1,0
technology,1,0,1,1,0,1,0,1,0,0,0,1,0,1,0
conversion,0,0,1,0,0,1,0,1,0,1,0,1,0,1,0
discipline,0,0,1,0,1,0,0,1,0,0,1,0,0,1,0
gn,0,0,1,0,0,1,0,1,0,1,0,1,0,1,0
subject,0,0,1,0,1,0,0,1,0,0,1,0,0,1,0
navailable,0,0,1,0,1,0,0,1,0,1,0,1,0,1,0
compatible,0,0,1,0,1,0,0,1,0,0,1,0,0,1,0
loglogn,1,0,1,0,1,0,0,1,0,0,0,1,0,1,0
tem,0,0,1,0,0,1,0,1,0,0,1,0,0,1,0
g,1,0,1,1,0,1,0,1,0,0,0,1,0,1,0
computa,1,0,1,0,1,0,1,0,1,0,0,1,0,1,0
deep,0,0,1,0,1,0,0,1,0,0,1,0,0,1,0
may,1,0,1,0,1,0,1,0,1,0,0,1,0,1,0
shift,0,0,1,0,0,1,0,1,0,1,0,1,0,1,0
till,0,0,1,0,1,0,0,1,0,1,0,1,0,1,0
modern,0,0,1,0,1,0,1,0,1,0,1,0,0,1,0
gnb,0,0,1,0,1,0,0,1,0,0,1,0,0,1,0
atyus,0,0,1,0,1,0,0,1,0,0,1,0,0,1,0
apply,1,0,1,1,0,1,0,1,0,0,0,1,0,1,0
polard,0,0,1,0,1,0,0,1,0,0,1,0,0,1,0
claverys,0,0,1,0,1,0,0,0,1,0,1,0,0,1,0
straightforward,1,0,1,0,1,0,0,1,0,0,0,1,0,1,0
nm,1,0,1,1,0,1,0,1,0,0,0,1,0,1,0
grovers,0,0,1,0,1,0,0,1,0,0,1,0,0,1,0
symposium,0,0,1,0,0,1,0,0,1,1,0,1,0,1,0
jp,0,0,1,0,1,0,0,1,0,0,1,0,0,1,0
show,0,0,1,0,1,0,0,1,0,0,1,0,0,1,0
task,1,0,1,1,0,1,1,0,1,0,0,1,0,1,0
department,1,0,1,1,0,1,0,0,1,0,0,1,0,1,0
sys,0,0,1,0,0,1,0,1,0,1,0,1,0,1,0
outcome,0,0,1,0,1,0,0,1,0,0,1,0,0,1,0
motivation,0,0,1,0,1,0,0,1,0,0,1,0,0,1,0
useful,0,0,1,0,1,0,0,1,0,0,1,0,0,1,0
manufacture,0,0,1,0,1,0,0,1,0,0,1,0,0,1,0
without,0,0,1,1,0,1,0,1,0,0,1,0,0,1,0
amortize,1,0,1,0,1,0,0,1,0,0,0,1,0,1,0
behind,0,0,1,0,1,0,0,1,0,0,1,0,0,1,0
underlie,0,0,1,0,1,0,0,1,0,0,1,0,0,1,0
edition,0,0,1,1,0,1,0,1,0,0,1,0,0,1,0
american,1,0,1,1,0,1,0,1,0,0,0,1,0,1,0
x,1,0,1,1,0,1,0,1,0,0,0,1,0,1,0
examines,0,0,1,0,0,1,0,1,0,1,0,1,0,1,0
typically,0,0,1,1,0,1,0,1,0,0,1,0,0,1,0
allott,0,0,1,0,1,0,0,1,0,0,1,0,0,1,0
uniform,0,0,1,0,0,1,0,1,0,0,1,0,0,1,0
link,1,0,1,1,0,1,1,0,1,0,0,1,0,1,0
write,0,0,1,0,1,0,0,1,0,0,1,0,0,1,0
think,0,0,1,0,1,0,0,1,0,1,0,1,0,1,0
scientific,0,0,1,0,1,0,0,1,0,0,1,0,0,1,0
challenge,0,0,1,0,0,1,0,1,0,0,1,0,0,1,0
trigonometric,0,0,1,0,0,1,0,1,0,0,1,0,0,1,0
engineering,1,0,1,1,0,1,0,1,0,0,0,1,0,1,0
classification,0,0,1,0,1,0,0,1,0,0,1,0,0,1,0
subfields,0,0,1,0,1,0,0,1,0,0,1,0,0,1,0
xaxes,0,0,1,0,1,0,0,1,0,1,0,1,0,1,0
cubic,0,0,1,0,1,0,0,1,0,0,1,0,0,1,0
nota,0,0,1,0,1,0,0,1,0,0,1,0,0,1,0
respec,0,0,1,0,1,0,0,1,0,0,1,0,0,1,0
expensive,0,0,1,0,1,0,0,1,0,0,1,0,0,1,0
tween,0,0,1,0,0,1,0,1,0,0,1,0,0,1,0
might,0,0,1,0,1,0,0,1,0,0,1,0,0,1,0
arbitrary,0,0,1,0,0,1,0,1,0,0,1,0,0,1,0
h,1,0,1,1,0,1,0,1,0,0,1,0,0,1,0
ations,0,0,1,0,1,0,0,1,0,0,1,0,0,1,0
constant,0,0,1,0,1,0,0,1,0,0,1,0,0,1,0
illustration,0,0,1,0,1,0,0,1,0,0,1,0,0,1,0
requirement,1,0,1,1,0,1,0,1,0,0,0,1,0,1,0
performance,0,0,1,0,0,1,0,1,0,1,0,1,0,1,0
want,0,0,1,0,0,1,0,1,0,0,1,0,0,1,0
tive,0,0,1,0,1,0,0,1,0,0,1,0,0,1,0
clifford,0,0,1,0,1,0,0,1,0,0,1,0,0,1,0
data,0,0,1,0,1,0,0,1,0,0,1,0,0,1,0
relevance,1,0,1,0,1,0,0,0,1,0,1,0,0,1,0
speculative,0,0,1,0,1,0,0,1,0,0,1,0,0,1,0
develop,0,0,1,0,0,1,0,1,0,0,1,0,0,1,0
actual,0,0,1,0,0,1,0,1,0,0,1,0,0,1,0
cardinally,0,0,1,0,0,1,0,1,0,0,1,0,0,1,0
loglogknx,0,0,1,0,0,1,0,0,1,1,0,1,0,1,0
j,0,0,1,0,1,0,0,1,0,0,1,0,0,1,0
moduli,0,0,1,0,0,1,0,1,0,0,1,0,0,1,0
nunemacher,0,0,1,0,1,0,0,1,0,0,1,0,0,1,0
continuity,0,0,1,0,0,1,0,1,0,0,1,0,0,1,0
critical,0,0,1,0,0,1,0,1,0,0,1,0,0,1,0
identical,1,0,1,0,1,0,0,1,0,0,0,1,0,1,0
imfnandphtan,0,0,1,0,0,1,0,0,1,1,0,1,0,1,0
byi,0,0,1,0,1,0,0,1,0,1,0,1,0,1,0
indeed,0,0,1,0,0,1,0,1,0,0,1,0,0,1,0
pro,0,0,1,0,0,1,0,1,0,0,1,0,0,1,0
respective,0,0,1,1,0,1,0,1,0,0,1,0,0,1,0
distribution,1,0,1,1,0,1,0,1,0,0,0,1,0,1,0
observable,0,0,1,0,0,1,0,1,0,0,1,0,0,1,0
neighbour,0,0,1,0,0,1,0,1,0,1,0,1,0,1,0
comportment,0,0,1,0,1,0,0,1,0,0,1,0,0,1,0
communication,1,0,1,1,0,1,0,1,0,0,0,1,0,1,0
produce,0,0,1,0,0,1,0,0,1,0,1,0,0,1,0
algebras,0,0,1,0,1,0,0,1,0,0,1,0,0,1,0
polynomialtime,0,0,1,0,1,0,0,1,0,0,1,0,0,1,0
arithmetic,0,0,1,0,1,0,0,1,0,0,1,0,0,1,0
random,0,0,1,0,1,0,0,1,0,0,1,0,0,1,0
algorithms,1,0,1,0,1,0,0,1,0,0,0,1,0,1,0
pace,1,0,1,0,1,0,0,1,0,0,0,1,0,1,0
probability,0,0,1,0,1,0,0,1,0,0,1,0,0,1,0
density,0,0,1,0,0,1,0,1,0,0,1,0,0,1,0
cap,0,0,1,0,0,1,0,1,0,0,1,0,0,1,0
graphic,1,0,1,1,0,1,0,1,0,0,0,1,0,1,0
test,0,0,1,0,1,0,0,1,0,0,1,0,0,1,0
question,0,0,1,0,0,1,0,1,0,0,1,0,0,1,0
circle,1,0,1,1,0,1,0,1,0,0,0,1,0,1,0
cartesian,0,0,1,0,0,1,0,1,0,0,1,0,0,1,0
various,0,0,1,0,1,0,0,1,0,0,1,0,0,1,0
equate,0,0,1,0,0,1,0,1,0,1,0,1,0,1,0
imfnand,0,0,1,0,1,0,0,1,0,0,1,0,0,1,0
card,1,0,1,1,0,1,0,1,0,0,0,1,0,1,0
physical,1,0,1,1,0,1,0,1,0,0,0,1,0,1,0
intel,1,0,1,1,0,1,0,1,0,0,0,1,0,1,0
certain,0,0,1,0,0,1,0,1,0,0,1,0,0,1,0
bad,0,0,1,0,0,1,0,1,0,1,0,1,0,1,0
concern,0,0,1,0,1,0,0,1,0,1,0,1,0,1,0
ofxxaar,0,0,1,0,0,1,0,1,0,1,0,1,0,1,0
sandwich,0,0,1,0,1,0,0,1,0,1,0,1,0,1,0
intelligence,1,0,1,1,0,1,0,1,0,0,0,1,0,1,0
sh,0,0,1,0,1,0,0,1,0,0,1,0,0,1,0
positive,0,0,1,0,1,0,0,1,0,1,0,1,0,1,0
otherwise,0,0,1,0,1,0,0,0,1,0,1,0,0,1,0
dec,0,0,1,1,0,1,0,1,0,1,0,1,0,1,0
intake,0,1,0,0,0,1,0,1,0,0,1,0,0,1,0
akar,0,0,1,0,1,0,0,1,0,0,1,0,0,1,0
loglogzdzp,0,0,1,0,0,1,0,0,1,1,0,1,0,1,0
nificantly,0,0,1,0,1,0,0,1,0,0,1,0,0,1,0
mascheroni,0,0,1,0,0,1,0,1,0,0,1,0,0,1,0
implement,0,0,1,0,1,0,0,1,0,0,1,0,0,1,0
monitor,0,0,1,0,1,0,0,1,0,0,1,0,0,1,0
multiplying,0,0,1,0,1,0,0,1,0,0,1,0,0,1,0
professor,0,1,0,0,0,1,0,0,1,1,0,1,0,1,0
non,0,0,1,0,0,1,0,1,0,0,1,0,0,1,0
estimate,0,0,1,0,1,0,0,1,0,0,1,0,0,1,0
validation,0,0,1,0,1,0,0,1,0,0,1,0,0,1,0
reasonably,0,0,1,0,0,1,0,1,0,0,1,0,0,1,0
journal,1,0,1,1,0,1,0,1,0,0,0,1,0,1,0
terminal,0,0,1,0,0,1,0,1,0,1,0,1,0,1,0
rotation,0,0,1,0,0,1,0,0,1,0,1,0,0,1,0
rithms,0,0,1,0,1,0,0,1,0,0,1,0,0,1,0
monthly,0,0,1,0,1,0,0,1,0,0,1,0,0,1,0
accessible,0,0,1,0,1,0,0,1,0,0,1,0,0,1,0
buhrman,1,0,1,1,0,1,0,1,0,0,1,0,0,1,0
constrain,0,0,1,0,1,0,0,1,0,0,1,0,0,1,0
programmatically,0,0,1,0,1,0,0,1,0,0,1,0,0,1,0
ideal,0,0,1,0,0,1,0,0,1,1,0,1,0,1,0
searched,0,0,1,0,1,0,0,1,0,0,1,0,0,1,0
johnston,0,0,1,0,1,0,0,1,0,0,1,0,0,1,0
run,0,0,1,0,1,0,0,1,0,0,1,0,0,1,0
logi,0,0,1,0,0,1,0,1,0,0,1,0,0,1,0
strategy,1,0,1,1,0,1,0,1,0,0,0,1,0,1,0
hardware,1,0,1,0,1,0,0,1,0,0,0,1,0,1,0
appear,0,0,1,0,1,0,0,1,0,0,1,0,0,1,0
visualize,0,0,1,0,1,0,0,1,0,0,1,0,0,1,0
nonnegative,0,0,1,0,0,1,0,1,0,1,0,1,0,1,0
thfx,0,0,1,0,0,1,0,0,1,1,0,1,0,1,0
approx,0,0,1,0,1,0,0,1,0,0,1,0,0,1,0
nmay,0,0,1,0,1,0,0,1,0,0,1,0,0,1,0
matica,0,0,1,0,1,0,0,0,1,0,1,0,0,1,0
social,1,0,1,1,0,1,0,1,0,0,0,1,0,1,0
storage,0,0,1,0,0,1,0,1,0,0,1,0,0,1,0
imating,0,0,1,0,1,0,0,1,0,0,1,0,0,1,0
evident,0,0,1,0,1,0,0,1,0,1,0,1,0,1,0
ucts,0,0,1,0,0,1,0,1,0,0,1,0,0,1,0
several,0,0,1,0,1,0,0,1,0,0,1,0,0,1,0
particular,0,0,1,0,1,0,0,1,0,0,1,0,0,1,0
large,0,0,1,0,0,1,0,1,0,0,1,0,0,1,0
good,0,0,1,0,1,0,0,1,0,0,1,0,0,1,0
artificial,0,0,1,0,0,1,0,1,0,1,0,1,0,1,0
evaluation,0,0,1,0,1,0,0,1,0,0,1,0,0,1,0
jl,0,0,1,0,1,0,0,1,0,0,1,0,0,1,0
main,0,0,1,0,0,1,0,1,0,1,0,1,0,1,0
mips,0,0,1,0,1,0,0,1,0,0,1,0,0,1,0
information,0,0,1,0,1,0,0,1,0,0,1,0,0,1,0
tend,0,0,1,0,0,1,0,1,0,0,1,0,0,1,0
rothschild,0,0,1,1,0,1,0,1,0,0,1,0,0,1,0
every,0,0,1,0,1,0,0,1,0,0,1,0,0,1,0
refnx,0,0,1,0,1,0,0,1,0,1,0,1,0,1,0
stage,0,0,1,0,1,0,0,1,0,0,1,0,0,1,0
accordingly,0,0,1,0,0,1,0,1,0,0,1,0,0,1,0
vayvay,0,0,1,0,1,0,0,1,0,0,1,0,0,1,0
power,1,0,1,1,0,1,0,1,0,0,0,1,0,1,0
literature,0,0,1,0,1,0,0,1,0,0,1,0,0,1,0
category,0,0,1,0,1,0,0,1,0,0,1,0,0,1,0
ns,0,0,1,0,1,0,0,1,0,0,1,0,0,1,0
prod,0,0,1,0,0,1,0,0,1,0,1,0,0,1,0
morticis,0,0,1,0,1,0,0,1,0,0,1,0,0,1,0
acta,0,0,1,0,1,0,0,0,1,0,1,0,0,1,0
upper,1,0,1,0,1,0,0,1,0,0,0,1,0,1,0
vellore,0,1,0,1,0,1,0,1,0,0,0,1,0,1,0
thfunctions,0,0,1,0,1,0,0,0,1,0,1,0,0,1,0
entry,0,1,0,0,1,0,0,1,0,0,1,0,0,1,0
geforce,1,0,1,1,0,1,0,1,0,0,0,1,0,1,0
length,0,0,1,0,1,0,0,1,0,0,1,0,0,1,0
ofq,0,0,1,0,0,1,0,1,0,0,1,0,0,1,0
pragmatic,0,0,1,1,0,1,0,0,1,0,1,0,0,1,0
generalization,0,0,1,0,0,1,0,1,0,0,1,0,0,1,0
ofxx,0,0,1,0,0,1,0,0,1,0,1,0,0,1,0
property,0,0,1,0,0,1,0,1,0,0,1,0,0,1,0
coolidge,0,0,1,0,1,0,0,1,0,0,1,0,0,1,0
compare,0,0,1,0,0,1,0,0,1,0,1,0,0,1,0
sigact,0,0,1,0,1,0,0,1,0,0,1,0,0,1,0
eixtanimfn,0,0,1,0,0,1,0,1,0,0,1,0,0,1,0
loglogi,0,0,1,0,0,1,0,1,0,0,1,0,0,1,0
formula,0,0,1,0,0,1,0,1,0,0,1,0,0,1,0
maximum,0,0,1,0,1,0,0,1,0,0,1,0,0,1,0
national,0,0,1,0,1,0,0,1,0,0,1,0,0,1,0
rate,1,0,1,1,0,1,0,1,0,0,0,1,0,1,0
mx,1,0,1,1,0,1,0,1,0,0,0,1,0,1,0
kuwait,1,0,1,1,0,1,0,1,0,0,1,0,0,1,0
clock,1,0,1,1,0,1,0,1,0,0,0,1,0,1,0
multiple,0,0,1,0,0,1,0,1,0,1,0,1,0,1,0
strongly,0,0,1,0,1,0,0,1,0,1,0,1,0,1,0
government,0,0,1,0,1,0,0,1,0,1,0,1,0,1,0
sum,0,0,1,0,1,0,0,1,0,0,1,0,0,1,0
weinstein,1,0,1,1,0,1,0,1,0,0,0,1,0,1,0
algo,0,0,1,0,0,1,0,1,0,0,1,0,0,1,0
major,0,0,1,1,0,1,0,0,1,0,1,0,0,1,0
game,0,0,1,0,1,0,0,0,1,0,1,0,0,1,0
processing,1,0,1,1,0,1,0,1,0,0,0,1,0,1,0
acmsiam,0,1,0,0,0,1,0,0,1,1,0,1,0,1,0
vec,0,0,1,0,0,1,0,0,1,0,1,0,0,1,0
w,0,0,1,0,1,0,0,1,0,0,1,0,0,1,0
india,1,0,1,1,0,1,0,1,0,0,0,1,0,1,0
tiny,0,0,1,0,1,0,0,0,1,0,1,0,0,1,0
velammal,0,0,1,0,1,0,0,1,0,1,0,1,0,1,0
scale,0,0,1,0,1,0,0,1,0,0,1,0,0,1,0
college,1,0,1,1,0,1,0,1,0,0,0,1,0,1,0
academy,0,0,1,0,1,0,0,1,0,0,1,0,0,1,0
item,0,0,1,0,1,0,0,1,0,0,1,0,0,1,0
connect,1,0,1,1,0,1,0,1,0,0,0,1,0,1,0
mr,0,0,1,0,1,0,0,0,1,1,0,1,0,1,0
institute,0,0,1,0,1,0,0,1,0,1,0,1,0,1,0
lakshmanan,0,0,1,1,0,1,0,1,0,0,1,0,0,1,0
approximate,0,0,1,0,1,0,0,1,0,0,1,0,0,1,0
ntime,0,0,1,0,1,0,0,1,0,0,1,0,0,1,0
leave,0,0,1,0,0,1,0,0,1,0,1,0,0,1,0
nash,0,0,1,0,1,0,0,1,0,0,1,0,0,1,0
frequency,1,0,1,1,0,1,0,1,0,1,0,1,0,1,0
statement,0,0,1,0,0,1,0,1,0,1,0,1,0,1,0
par,0,0,1,0,0,1,0,0,1,1,0,1,0,1,0
equilib,0,0,1,0,1,0,0,1,0,0,1,0,0,1,0
prospective,0,0,1,0,0,1,0,1,0,0,1,0,0,1,0
mostly,0,0,1,0,0,1,0,1,0,0,1,0,0,1,0
da,0,0,1,0,1,0,0,1,0,0,1,0,0,1,0
letter,0,0,1,0,0,1,0,1,0,0,1,0,0,1,0
series,0,0,1,0,1,0,0,0,1,0,1,0,0,0,1
aforementioned,0,0,1,0,0,1,0,1,0,0,1,0,0,0,1
behavioral,0,0,1,0,1,0,0,1,0,0,1,0,0,0,1
spielman,0,0,1,0,1,0,0,1,0,0,1,0,0,0,1
cscc,0,0,1,0,1,0,0,1,0,0,1,0,0,0,1
choudhury,0,0,1,0,1,0,0,0,1,0,1,0,0,0,1
robbins,0,0,1,0,1,0,0,1,0,0,1,0,0,0,1
equately,0,0,1,0,1,0,0,1,0,0,1,0,0,0,1
jm,0,0,1,0,1,0,0,1,0,0,1,0,0,0,1
tional,0,0,1,0,0,1,0,1,0,0,1,0,0,0,1
measure,1,0,1,0,1,0,0,1,0,0,0,1,0,0,1
recognize,0,0,1,0,1,0,0,1,0,0,1,0,0,0,1
kannan,0,0,1,0,1,0,0,1,0,0,1,0,0,0,1
generally,0,0,1,0,1,0,0,1,0,0,1,0,0,0,1
ingroup,0,0,1,0,1,0,0,1,0,1,0,1,0,0,1
ji,0,0,1,0,1,0,0,1,0,0,1,0,0,0,1
zxplane,0,0,1,0,0,1,0,0,1,1,0,1,0,0,1
pollak,0,0,1,0,0,1,0,0,1,1,0,1,0,0,1
outgroups,0,0,1,0,1,0,0,1,0,0,1,0,0,0,1
whereas,0,0,1,0,1,0,0,1,0,0,1,0,0,0,1
frieze,0,0,1,1,0,1,0,1,0,0,1,0,0,0,1
hand,0,0,1,0,0,1,0,0,1,1,0,1,0,0,1
tackle,0,0,1,0,1,0,0,1,0,0,1,0,0,0,1
tor,0,0,1,0,0,1,0,1,0,0,1,0,0,0,1
core,1,0,1,1,0,1,0,1,0,0,0,1,0,0,1
fichant,0,0,1,0,1,0,0,0,1,0,1,0,0,0,1
undergraduate,0,1,0,0,1,0,0,0,1,0,1,0,0,0,1
much,0,0,1,0,0,1,0,0,1,0,1,0,0,0,1
teng,0,0,1,0,1,0,0,0,1,0,1,0,0,0,1
je,0,0,1,0,1,0,0,1,0,0,1,0,0,0,1
annual,0,1,0,0,0,1,0,0,1,1,0,1,0,0,1
elsewhere,0,0,1,0,1,0,0,1,0,1,0,1,0,0,1
review,1,0,1,1,0,1,0,1,0,0,0,1,0,0,1
result,0,0,1,0,1,0,0,0,1,0,1,0,0,0,1
webb,0,0,1,0,1,0,0,1,0,0,1,0,0,0,1
specify,0,0,1,0,1,0,0,0,1,0,1,0,0,0,1
can,0,0,1,0,1,0,0,1,0,0,1,0,0,0,1
sig,0,0,1,0,0,1,0,0,1,0,1,0,0,0,1
c,0,0,1,0,1,0,0,0,1,0,1,0,0,0,1
addition,0,0,1,0,1,0,0,1,0,0,1,0,0,0,1
not,0,0,1,0,1,0,0,1,0,0,1,0,0,0,1
littlewood,0,0,1,1,0,1,0,1,0,0,1,0,0,0,1
martin,0,0,1,0,0,1,0,0,1,0,1,0,0,0,1
nif,0,0,1,0,0,1,0,0,1,1,0,1,0,0,1
imposition,0,0,1,0,0,1,0,1,0,0,1,0,0,0,1
nvidia,0,1,0,0,1,0,0,1,0,0,1,0,0,0,1
alexander,0,0,1,0,0,1,0,0,1,0,1,0,0,0,1
hibbard,0,0,1,0,0,1,0,0,1,0,1,0,0,0,1
contribution,0,0,1,0,0,1,0,0,1,0,1,0,0,0,1
braverman,0,1,0,0,1,0,0,1,0,0,0,1,0,0,1
likely,0,0,1,0,0,1,0,0,1,0,1,0,0,0,1
reason,0,0,1,0,0,1,0,0,1,1,0,1,0,0,1
half,0,0,1,0,1,0,0,1,0,0,1,0,0,0,1
meaningless,0,0,1,0,1,0,0,1,0,0,1,0,0,0,1
twentysixth,0,0,1,1,0,1,0,0,1,1,0,1,0,0,1
pciexpress,0,0,1,0,1,0,0,0,1,0,1,0,0,0,1
procedure,0,0,1,0,0,1,0,0,1,0,1,0,0,0,1
equally,0,0,1,0,0,1,0,0,1,0,1,0,0,0,1
oper,0,0,1,0,0,1,0,1,0,0,1,0,0,0,1
video,0,0,1,0,0,1,0,0,1,1,0,1,0,0,1
memory,1,0,1,1,0,1,0,1,0,0,0,1,0,0,1
rotate,0,0,1,0,1,0,0,0,1,0,1,0,0,0,1
continuum,0,0,1,0,1,0,0,0,1,0,1,0,0,0,1
mhz,1,0,1,1,0,1,0,0,1,0,1,0,0,0,1
ko,0,1,0,0,1,0,0,1,0,0,1,0,0,0,1
news,0,0,1,0,1,0,0,0,1,0,1,0,0,0,1
body,0,0,1,0,1,0,0,0,1,0,1,0,0,0,1
design,0,0,1,1,0,1,0,1,0,0,1,0,0,0,1
mark,0,0,1,0,0,1,0,1,0,0,1,0,0,0,1
atomic,0,0,1,0,1,0,0,0,1,0,1,0,0,0,1
clash,0,0,1,0,1,0,0,0,1,0,1,0,0,0,1
spin,0,0,1,1,0,1,0,0,1,0,1,0,0,0,1
symbol,0,0,1,0,1,0,0,0,1,0,1,0,0,0,1
fewelectron,0,0,1,0,1,0,0,0,1,0,1,0,0,0,1
refers,0,0,1,0,1,0,0,0,1,0,1,0,0,0,1
variation,0,0,1,0,1,0,0,1,0,1,0,1,0,0,1
ig,0,1,0,0,1,0,0,0,1,1,0,1,0,0,1
kundu,0,0,1,0,0,1,0,0,1,0,1,0,0,0,1
bit,0,0,1,1,0,1,0,0,1,0,1,0,0,0,1
pipeline,0,0,1,0,1,0,0,0,1,0,1,0,0,0,1
plus,0,1,0,0,1,0,0,0,1,1,0,1,0,0,1
approach,0,0,1,0,1,0,0,0,1,0,1,0,0,0,1
latter,0,0,1,0,1,0,0,0,1,0,1,0,0,0,1
nadu,0,1,0,0,1,0,0,0,1,0,1,0,0,0,1
textile,0,0,1,0,1,0,0,1,0,0,1,0,0,0,1
manufacturing,0,0,1,0,1,0,0,0,1,0,1,0,0,0,1
nolog,0,0,1,0,0,1,0,0,1,0,1,0,0,0,1
style,0,0,1,0,1,0,0,0,1,0,1,0,0,0,1
mobile,0,0,1,0,0,1,0,0,1,0,1,0,0,0,1
twentyeighth,0,0,1,0,1,0,0,0,1,1,0,1,0,0,1
bacterial,0,0,1,0,0,1,0,0,1,0,1,0,0,0,1
john,0,0,1,0,1,0,0,0,1,0,1,0,0,0,1
gbps,0,0,1,0,1,0,0,0,1,0,1,0,0,0,1
gp,0,1,0,0,1,0,0,0,1,0,0,1,0,0,1
independence,0,0,1,0,1,0,0,0,1,0,1,0,0,0,1
calcutta,0,0,1,0,1,0,0,0,1,0,1,0,0,0,1
rd,0,0,1,0,1,0,0,0,1,0,1,0,0,0,1
processor,0,1,0,0,1,0,0,0,1,0,1,0,0,0,1
gpa,0,0,1,0,0,1,0,0,1,0,1,0,0,0,1
cause,0,0,1,0,0,1,0,0,1,0,1,0,0,0,1
associate,0,0,1,0,1,0,0,0,1,0,1,0,0,0,1
completeness,0,0,1,0,1,0,0,0,1,0,1,0,0,0,1
unay,0,0,1,0,1,0,0,0,1,0,1,0,0,0,1
perfect,0,0,1,0,1,0,0,0,1,0,1,0,0,0,1
ghz,0,1,0,0,1,0,0,0,1,1,0,1,0,0,1
assistant,0,0,1,0,0,1,0,0,1,1,0,1,0,0,1
ac,0,0,1,0,0,1,0,0,1,1,0,1,0,0,1
trans,0,0,1,0,1,0,0,0,1,0,1,0,0,0,1
ternational,0,0,1,0,1,0,0,0,1,0,1,0,0,0,1
tdp,0,0,1,0,1,0,0,1,0,1,0,1,0,0,1
different,0,0,1,0,0,1,0,0,1,0,1,0,0,0,1
campus,0,0,1,0,1,0,0,0,1,1,0,1,0,0,1
cost,0,0,1,0,0,1,0,0,1,0,1,0,0,0,1
serampore,0,0,1,0,1,0,0,0,1,0,1,0,0,0,1
gb,0,0,1,0,1,0,0,0,1,0,1,0,0,0,1
eth,0,0,1,0,1,0,0,0,1,0,1,0,0,0,1
device,0,0,1,0,0,1,0,0,1,1,0,1,0,0,1
process,0,0,1,0,0,1,0,0,1,0,1,0,0,0,1
meant,0,0,1,0,1,0,0,0,1,0,1,0,0,0,1
ksubgraph,0,0,1,0,1,0,0,0,1,0,1,0,0,0,1
dense,0,0,1,0,1,0,0,0,1,0,1,0,0,0,1
conference,0,0,1,0,1,0,0,0,1,0,1,0,0,0,1
microbiology,0,0,1,0,1,0,0,0,1,0,1,0,0,0,1
emerge,0,0,1,0,1,0,0,0,1,0,1,0,0,0,1
celerator,0,0,1,0,1,0,0,0,1,1,0,1,0,0,1
microarchitecture,0,0,1,0,1,0,0,0,1,0,1,0,0,0,1
ar,0,0,1,0,1,0,0,0,1,0,1,0,0,0,1
incet,0,0,1,0,0,1,0,0,1,1,0,1,0,0,1
directx,0,0,1,0,0,1,0,0,1,0,1,0,0,0,1
education,0,0,1,0,0,1,0,0,1,1,0,1,0,0,1
school,0,0,1,0,0,1,0,0,1,1,0,1,0,0,1
psychology,0,0,1,0,0,1,0,0,1,1,0,1,0,0,1
technological,0,0,1,0,1,0,0,0,1,0,1,0,0,0,1
zt,0,0,1,0,1,0,0,0,1,0,1,0,0,0,1
ramamoorthy,0,0,1,0,1,0,0,0,1,0,1,0,0,0,1
yk,0,1,0,0,0,1,0,0,1,1,0,1,0,0,1
sit,0,0,1,0,1,0,0,0,1,0,1,0,0,0,1
connectivity,0,0,1,0,1,0,0,0,1,0,1,0,0,0,1
watt,0,0,1,0,1,0,0,0,1,0,1,0,0,0,1
procedia,0,0,1,0,1,0,0,0,1,0,1,0,0,0,1
hibbards,0,0,1,0,0,1,0,0,1,1,0,1,0,0,1
chitecture,0,0,1,0,1,0,0,0,1,0,1,0,0,0,1
anna,0,0,1,0,1,0,0,0,1,0,1,0,0,0,1
architectural,0,0,1,0,1,0,0,0,1,0,1,0,0,0,1
rest,0,0,1,0,1,0,0,0,1,0,1,0,0,0,1
iris,0,0,1,0,1,0,0,0,1,1,0,1,0,0,1
interpretation,0,0,1,0,0,1,0,0,1,0,1,0,0,0,1
krueger,0,0,1,0,0,1,0,0,1,0,1,0,0,0,1
tamil,0,1,0,0,1,0,0,0,1,0,0,1,0,0,1
convex,0,0,1,0,0,1,0,0,1,0,1,0,0,0,1
volume,0,0,1,0,0,1,0,0,1,0,1,0,0,0,1
f,0,0,1,1,0,1,0,0,1,0,1,0,0,0,1
elliptic,0,0,1,0,0,1,0,0,1,0,1,0,0,0,1
microprocessor,0,1,0,0,1,0,0,0,1,0,1,0,0,0,1
technique,0,0,1,0,0,1,0,0,1,0,1,0,0,0,1
chip,0,0,1,0,1,0,0,0,1,0,1,0,0,0,1
accelerator,0,0,1,0,0,1,0,0,1,1,0,1,0,0,1
energy,0,0,1,0,1,0,0,0,1,0,1,0,0,0,1
boost,1,0,1,0,1,0,0,0,1,0,1,0,0,0,1
ad,0,0,1,0,0,1,0,0,1,0,1,0,0,0,1
rium,0,0,1,0,0,1,0,0,1,0,1,0,0,0,1
pj,0,0,1,0,1,0,0,0,1,0,1,0,0,0,1
build,1,0,1,0,1,0,0,0,1,0,0,1,0,0,1
aarxivv,0,0,1,0,1,0,0,0,1,0,1,0,0,0,1
metaanalysis,0,0,1,0,0,1,0,0,1,1,0,1,0,0,1
formation,0,0,1,0,1,0,0,0,1,0,1,0,0,0,1
quarter,0,0,1,0,1,0,0,0,1,0,1,0,0,0,1
cohen,0,0,1,0,1,0,0,0,1,0,1,0,0,0,1
support,0,0,1,0,1,0,0,0,1,1,0,1,0,0,1
intelr,0,0,1,0,0,1,0,0,1,1,0,1,0,0,1
irisr,0,0,1,0,0,1,0,0,1,1,0,1,0,0,1
share,0,0,1,0,1,0,0,0,1,0,1,0,0,0,1
mechanisms,0,0,1,0,1,0,0,0,1,0,1,0,0,0,1
optic,0,0,1,1,0,1,0,0,1,0,1,0,0,0,1
caustic,0,0,1,1,0,1,0,0,1,0,1,0,0,0,1
contains,0,0,1,1,0,1,0,0,1,0,1,0,0,0,1
mb,0,0,1,0,1,0,0,0,1,1,0,1,0,0,1
mm,0,0,1,0,0,1,0,0,1,0,1,0,0,0,1
personality,0,0,1,0,0,1,0,0,1,1,0,1,0,0,1
corresponds,0,0,1,0,1,0,0,0,1,0,1,0,0,0,1
generation,0,0,1,0,1,0,0,0,1,1,0,1,0,0,1
display,0,0,1,0,0,1,0,0,1,0,1,0,0,0,1
salmiya,0,0,1,0,0,1,0,0,1,1,0,1,0,0,1
addressed,0,0,1,0,0,1,0,0,1,0,1,0,0,0,1
harshith,0,0,1,0,1,0,0,0,1,0,1,0,0,0,1
operate,0,1,0,0,1,0,0,0,1,0,1,0,0,0,1
rubinstein,0,0,1,0,1,0,0,0,1,1,0,1,0,0,1
im,0,0,1,0,0,1,0,0,1,0,1,0,0,0,1
dyer,0,0,1,0,1,0,0,0,1,0,1,0,0,0,1
speed,0,0,1,0,1,0,0,0,1,0,1,0,0,0,1
kitchen,0,0,1,1,0,1,0,0,1,0,1,0,0,0,1
gh,0,0,1,0,0,1,0,0,1,0,1,0,0,0,1
turbo,0,0,1,0,0,1,0,0,1,1,0,1,0,0,1
fill,0,0,1,0,1,0,0,0,1,0,1,0,0,0,1
texture,1,0,1,1,0,1,0,0,1,0,0,1,0,0,1
intervention,0,0,1,0,0,1,0,0,1,0,1,0,0,0,1
high,0,0,1,0,0,1,0,0,1,1,0,1,0,0,1
enhancement,0,0,1,0,1,0,0,0,1,0,1,0,0,0,1
university,0,0,1,0,0,1,0,0,1,0,1,0,0,0,1
gddr,0,0,1,0,1,0,0,0,1,0,1,0,0,0,1
ask,0,0,1,0,1,0,0,0,1,0,1,0,0,0,1
hardy,0,0,1,0,0,1,0,0,1,0,1,0,0,0,1
start,0,0,1,0,0,1,0,0,1,0,1,0,0,0,1
reference,0,0,1,0,1,0,0,0,1,0,1,0,0,0,1
around,0,0,1,0,0,1,0,0,1,0,1,0,0,0,1
nature,0,0,1,0,1,0,0,0,1,0,1,0,0,0,1
control,0,0,1,0,1,0,0,0,1,0,1,0,0,0,1
rops,0,0,1,0,1,0,0,0,1,0,1,0,0,0,1
gt,0,0,1,0,1,0,0,0,1,0,1,0,0,0,1
chennai,0,0,1,0,0,1,0,0,1,0,1,0,0,0,1
center,0,0,1,0,0,1,0,0,1,0,1,0,0,0,1
gpu,0,0,1,0,1,0,0,0,1,0,1,0,0,0,1
lake,1,0,1,0,1,0,0,0,1,0,0,1,0,0,1
u,0,0,1,0,1,0,0,0,1,0,1,0,0,0,1
ice,0,1,0,0,1,0,0,0,1,0,1,0,0,0,1
unit,1,0,1,0,1,0,0,0,1,0,0,1,0,0,1
million,0,0,1,0,1,0,0,0,1,0,1,0,0,0,1
divergent,0,0,1,0,0,1,0,0,1,0,1,0,0,0,1
ram,0,0,1,0,0,1,0,0,1,0,1,0,0,0,1
mj,0,0,1,1,0,1,0,0,1,0,1,0,0,0,1
argandplane,0,0,1,0,1,0,0,0,1,0,1,0,0,0,1
transistor,0,0,1,0,1,0,0,0,1,0,1,0,0,0,1
vortex,0,0,1,1,0,1,0,0,1,0,1,0,0,0,1
faulkner,0,0,1,1,0,1,0,0,1,0,1,0,0,0,1
contain,0,0,1,0,1,0,0,0,1,0,1,0,0,0,1
map,0,0,1,0,1,0,0,0,1,0,1,0,0,0,1
ping,0,0,1,0,1,0,0,0,1,0,1,0,0,0,1
shade,0,0,1,0,0,1,0,0,1,1,0,1,0,0,1
phase,0,0,1,0,1,0,0,0,1,0,1,0,0,0,1
hml,0,0,1,0,1,0,0,0,1,0,1,0,0,0,1
duality,0,0,1,0,1,0,0,0,1,0,1,0,0,0,1
paganin,0,0,1,0,1,0,0,0,1,0,1,0,0,0,1
dm,0,0,1,0,0,1,0,0,1,0,1,0,0,0,1
